{
  "reservoir": "cottage_grove",
  "run_id": 1,
  "best_epoch": 0,
  "best_val_s_deepmaxent": 0.42757361033819136,
  "best_val_savf_diff": 686.3624271953273,
  "val_s_deepmaxent": 0.42569890447638514,
  "val_release_corr": 0.16089223491807242,
  "val_storage_corr": 0.7926930938200283,
  "val_release_nrmse": 0.33610145418600684,
  "val_storage_nrmse": 0.25186863589091024,
  "val_release_rmse": 18.082930438115543,
  "val_storage_rmse": 8.996999542659204,
  "test_s_deepmaxent": 0.4150385011353832,
  "test_release_corr": 0.19268756607685317,
  "test_storage_corr": 0.7207387127959215,
  "test_release_nrmse": 0.21718219161419863,
  "test_storage_nrmse": 0.2887586593070378,
  "test_release_rmse": 17.803944521957163,
  "test_storage_rmse": 10.562791757451443,
  "elapsed_minutes": 0.06
}